seen_at,address,fuel,price
2026-10-09T15:55:00+03:00,"Воронеж, Московский проспект, 84",100,99.9
2026-10-09T15:55:00+03:00,"Воронеж, Московский проспект, 84",92,65.5
2026-10-09T15:55:00+03:00,"Воронеж, Московский проспект, 84",95,70.8
2026-10-09T15:14:00+03:00,"Воронеж, Острогожская улица, 144",92,65.5
2026-10-09T15:14:00+03:00,"Воронеж, Острогожская улица, 144",95,70.8
2026-10-09T15:12:00+03:00,"Воронеж, улица Антонова-Овсеенко, 35А",92,65.5
2026-10-09T16:14:00+03:00,"Воронеж, улица Антонова-Овсеенко, 35А",92,65.5
2026-10-09T15:12:00+03:00,"Воронеж, улица Антонова-Овсеенко, 35А",95,70.8
2026-10-09T16:14:00+03:00,"Воронеж, улица Антонова-Овсеенко, 35А",95,70.8
2026-10-09T16:09:00+03:00,"Воронеж, улица Димитрова, 163",95,70.8
2026-10-09T16:03:00+03:00,"Воронеж, улица Чебышева, 13/1",92,65.5
2026-10-09T16:03:00+03:00,"Воронеж, улица Чебышева, 13/1",95,70.8
